<?xml version="1.0" encoding="UTF-8"?>
<project-private xmlns="http://www.netbeans.org/ns/project-private/1">
    <editor-bookmarks xmlns="http://www.netbeans.org/ns/editor-bookmarks/2" lastBookmarkId="0"/>
    <open-files xmlns="http://www.netbeans.org/ns/projectui-open-files/2">
        <group>
            <file>file:/C:/Users/melin/Desktop/PIA_LAB_POO/Practica11/src/java/agenda/EnvioDatos.java</file>
            <file>file:/C:/Users/melin/Desktop/PIA_LAB_POO/Practica11/web/Index.jsp</file>
            <file>file:/C:/Users/melin/Desktop/PIA_LAB_POO/Practica11/web/views/lista.jsp</file>
            <file>file:/C:/Users/melin/Desktop/PIA_LAB_POO/Practica11/web/views/form.jsp</file>
            <file>file:/C:/Users/melin/Desktop/PIA_LAB_POO/Practica11/src/java/agenda/ContactoDAO.java</file>
            <file>file:/C:/Users/melin/Desktop/PIA_LAB_POO/Practica11/src/java/agenda/DB.java</file>
        </group>
    </open-files>
</project-private>
